direction,header,value,algorithm,library,severity,url
"RESPONSE","strict-transport-security","","","","HIGH","https://app.neilpatel.com/en/register/?mpsource=signup_popup"
"RESPONSE","x-content-type-options","","","","MEDIUM","https://app.neilpatel.com/en/register/?mpsource=signup_popup"
"RESPONSE","server","AmazonS3","","","LOW",""
"RESPONSE","strict-transport-security","","","","HIGH","https://app.neilpatel.com/assets/index-C2jqyrqU.css"
"RESPONSE","x-content-type-options","","","","MEDIUM","https://app.neilpatel.com/assets/index-C2jqyrqU.css"
"RESPONSE","server","AmazonS3","","","LOW",""
"RESPONSE","content-security-policy","","","","HIGH","https://static.zdassets.com/ekr/snippet.js?key=fb916b7d-48ea-4f54-a836-ece41c533"
"RESPONSE","x-frame-options","","","","MEDIUM","https://static.zdassets.com/ekr/snippet.js?key=fb916b7d-48ea-4f54-a836-ece41c533"
"RESPONSE","x-content-type-options","","","","MEDIUM","https://static.zdassets.com/ekr/snippet.js?key=fb916b7d-48ea-4f54-a836-ece41c533"
"RESPONSE","access-control-allow-origin","","","","HIGH","https://static.zdassets.com/ekr/snippet.js?key=fb916b7d-48ea-4f54-a836-ece41c533"
"RESPONSE","server","cloudflare","","","LOW",""
"RESPONSE","strict-transport-security","","","","HIGH","https://js.recurly.com/v4/recurly.js"
"RESPONSE","content-security-policy","","","","HIGH","https://js.recurly.com/v4/recurly.js"
"RESPONSE","x-frame-options","","","","MEDIUM","https://js.recurly.com/v4/recurly.js"
"RESPONSE","x-content-type-options","","","","MEDIUM","https://js.recurly.com/v4/recurly.js"
"RESPONSE","server","nginx","","","LOW",""
"RESPONSE","content-security-policy","","","","HIGH","https://fonts.googleapis.com/css2?family=Noto+Sans+JP:wght@300;400;500;700;900&f"
"RESPONSE","access-control-allow-origin","","","","HIGH","https://fonts.googleapis.com/css2?family=Noto+Sans+JP:wght@300;400;500;700;900&f"
"RESPONSE","server","ESF","","","LOW",""
"RESPONSE","strict-transport-security","","","","HIGH","https://js-eu1.hs-scripts.com/25525864.js"
"RESPONSE","content-security-policy","","","","HIGH","https://js-eu1.hs-scripts.com/25525864.js"
"RESPONSE","x-frame-options","","","","MEDIUM","https://js-eu1.hs-scripts.com/25525864.js"
"RESPONSE","server","cloudflare","","","LOW",""
"RESPONSE","strict-transport-security","","","","HIGH","https://app.neilpatel.com/assets/index-BkRdpDGn.js"
"RESPONSE","x-content-type-options","","","","MEDIUM","https://app.neilpatel.com/assets/index-BkRdpDGn.js"
"RESPONSE","server","AmazonS3","","","LOW",""
"RESPONSE","content-security-policy","","","","HIGH","https://ekr.zdassets.com/compose/fb916b7d-48ea-4f54-a836-ece41c533df8"
"RESPONSE","access-control-allow-origin","","","","HIGH","https://ekr.zdassets.com/compose/fb916b7d-48ea-4f54-a836-ece41c533df8"
"RESPONSE","server","cloudflare","","","LOW",""
"RESPONSE","strict-transport-security","","","","HIGH","https://app.neilpatel.com/site.webmanifest"
"RESPONSE","x-content-type-options","","","","MEDIUM","https://app.neilpatel.com/site.webmanifest"
"RESPONSE","server","AmazonS3","","","LOW",""
"RESPONSE","content-security-policy","","","","HIGH","https://static.hotjar.com/c/hotjar-5290286.js?sv=6"
"RESPONSE","x-frame-options","","","","MEDIUM","https://static.hotjar.com/c/hotjar-5290286.js?sv=6"
"RESPONSE","access-control-allow-origin","","","","HIGH","https://static.hotjar.com/c/hotjar-5290286.js?sv=6"
"RESPONSE","strict-transport-security","","","","HIGH","https://app.neilpatel.com/api/get_token"
"RESPONSE","content-security-policy","","","","HIGH","https://app.neilpatel.com/api/get_token"
"RESPONSE","x-frame-options","","","","MEDIUM","https://app.neilpatel.com/api/get_token"
"RESPONSE","x-content-type-options","","","","MEDIUM","https://app.neilpatel.com/api/get_token"
"RESPONSE","strict-transport-security","","","","HIGH","https://www.googletagmanager.com/gtm.js?id=GTM-WMJBH6Z"
"RESPONSE","content-security-policy","","","","HIGH","https://www.googletagmanager.com/gtm.js?id=GTM-WMJBH6Z"
"RESPONSE","x-frame-options","","","","MEDIUM","https://www.googletagmanager.com/gtm.js?id=GTM-WMJBH6Z"
"RESPONSE","x-content-type-options","","","","MEDIUM","https://www.googletagmanager.com/gtm.js?id=GTM-WMJBH6Z"
"RESPONSE","access-control-allow-origin","","","","HIGH","https://www.googletagmanager.com/gtm.js?id=GTM-WMJBH6Z"
"RESPONSE","server","Google Tag Manager","","","LOW",""
"RESPONSE","strict-transport-security","","","","HIGH","https://ubersuggest.us1app.churnzero.net/churnzero.js"
"RESPONSE","content-security-policy","","","","HIGH","https://ubersuggest.us1app.churnzero.net/churnzero.js"
"RESPONSE","x-frame-options","","","","MEDIUM","https://ubersuggest.us1app.churnzero.net/churnzero.js"
"RESPONSE","x-content-type-options","","","","MEDIUM","https://ubersuggest.us1app.churnzero.net/churnzero.js"
"RESPONSE","content-security-policy","","","","HIGH","https://load.d.neilpatel.com/3cb1bwbylavu.js?5rpwx2u=HBJcKy0vWjU4PCMkTzhRFEhET11"
"RESPONSE","x-frame-options","","","","MEDIUM","https://load.d.neilpatel.com/3cb1bwbylavu.js?5rpwx2u=HBJcKy0vWjU4PCMkTzhRFEhET11"
"RESPONSE","access-control-allow-origin","","","","HIGH","https://load.d.neilpatel.com/3cb1bwbylavu.js?5rpwx2u=HBJcKy0vWjU4PCMkTzhRFEhET11"
"RESPONSE","server","cloudflare","","","LOW",""
"RESPONSE","strict-transport-security","","","","HIGH","https://js-eu1.hsadspixel.net/pixels.js"
"RESPONSE","content-security-policy","","","","HIGH","https://js-eu1.hsadspixel.net/pixels.js"
"RESPONSE","x-frame-options","","","","MEDIUM","https://js-eu1.hsadspixel.net/pixels.js"
"RESPONSE","server","cloudflare","","","LOW",""
"RESPONSE","strict-transport-security","","","","HIGH","https://app.neilpatel.com/api/geolocation"
"RESPONSE","content-security-policy","","","","HIGH","https://app.neilpatel.com/api/geolocation"
"RESPONSE","x-frame-options","","","","MEDIUM","https://app.neilpatel.com/api/geolocation"
"RESPONSE","x-content-type-options","","","","MEDIUM","https://app.neilpatel.com/api/geolocation"
"RESPONSE","strict-transport-security","","","","HIGH","https://js-eu1.hs-banner.com/v2/25525864/banner.js"
"RESPONSE","content-security-policy","","","","HIGH","https://js-eu1.hs-banner.com/v2/25525864/banner.js"
"RESPONSE","x-frame-options","","","","MEDIUM","https://js-eu1.hs-banner.com/v2/25525864/banner.js"
"RESPONSE","x-content-type-options","","","","MEDIUM","https://js-eu1.hs-banner.com/v2/25525864/banner.js"
"RESPONSE","access-control-allow-origin","","","","HIGH","https://js-eu1.hs-banner.com/v2/25525864/banner.js"
"RESPONSE","server","cloudflare","","","LOW",""
"RESPONSE","strict-transport-security","","","","HIGH","https://sentry.neilpatelapi.com/api/3/envelope/?sentry_version=7&sentry_key=c084"
"RESPONSE","content-security-policy","","","","HIGH","https://sentry.neilpatelapi.com/api/3/envelope/?sentry_version=7&sentry_key=c084"
"RESPONSE","x-frame-options","","","","MEDIUM","https://sentry.neilpatelapi.com/api/3/envelope/?sentry_version=7&sentry_key=c084"
"RESPONSE","x-content-type-options","","","","MEDIUM","https://sentry.neilpatelapi.com/api/3/envelope/?sentry_version=7&sentry_key=c084"
"RESPONSE","access-control-allow-origin","","","","HIGH","https://sentry.neilpatelapi.com/api/3/envelope/?sentry_version=7&sentry_key=c084"
"RESPONSE","server","nginx","","","LOW",""
"RESPONSE","content-security-policy","","","","HIGH","https://www.googletagmanager.com/gtm.js?id=GTM-WMJBH6Z"
"RESPONSE","x-frame-options","","","","MEDIUM","https://www.googletagmanager.com/gtm.js?id=GTM-WMJBH6Z"
"RESPONSE","x-content-type-options","","","","MEDIUM","https://www.googletagmanager.com/gtm.js?id=GTM-WMJBH6Z"
"RESPONSE","access-control-allow-origin","","","","HIGH","https://www.googletagmanager.com/gtm.js?id=GTM-WMJBH6Z"
"RESPONSE","server","Google Tag Manager","","","LOW",""
"RESPONSE","strict-transport-security","","","","HIGH","https://js-eu1.hs-analytics.net/analytics/1773400200000/25525864.js"
"RESPONSE","content-security-policy","","","","HIGH","https://js-eu1.hs-analytics.net/analytics/1773400200000/25525864.js"
"RESPONSE","x-frame-options","","","","MEDIUM","https://js-eu1.hs-analytics.net/analytics/1773400200000/25525864.js"
"RESPONSE","x-content-type-options","","","","MEDIUM","https://js-eu1.hs-analytics.net/analytics/1773400200000/25525864.js"
"RESPONSE","server","cloudflare","","","LOW",""
"RESPONSE","strict-transport-security","","","","HIGH","https://app.neilpatel.com/api/user?preferred_locale=en&city=New%20York&country=U"
"RESPONSE","content-security-policy","","","","HIGH","https://app.neilpatel.com/api/user?preferred_locale=en&city=New%20York&country=U"
"RESPONSE","x-frame-options","","","","MEDIUM","https://app.neilpatel.com/api/user?preferred_locale=en&city=New%20York&country=U"
"RESPONSE","x-content-type-options","","","","MEDIUM","https://app.neilpatel.com/api/user?preferred_locale=en&city=New%20York&country=U"
"RESPONSE","content-security-policy","","","","HIGH","https://static.zdassets.com/web_widget/messenger/latest/web-widget-main-d1c461b."
"RESPONSE","x-frame-options","","","","MEDIUM","https://static.zdassets.com/web_widget/messenger/latest/web-widget-main-d1c461b."
"RESPONSE","x-content-type-options","","","","MEDIUM","https://static.zdassets.com/web_widget/messenger/latest/web-widget-main-d1c461b."
"RESPONSE","access-control-allow-origin","","","","HIGH","https://static.zdassets.com/web_widget/messenger/latest/web-widget-main-d1c461b."
"RESPONSE","server","cloudflare","","","LOW",""
"RESPONSE","content-security-policy","","","","HIGH","https://load.d.neilpatel.com/analytics.js"
"RESPONSE","x-frame-options","","","","MEDIUM","https://load.d.neilpatel.com/analytics.js"
"RESPONSE","server","cloudflare","","","LOW",""
"RESPONSE","content-security-policy","","","","HIGH","https://script.hotjar.com/modules.ddd41caee2adfc4aedb8.js"
"RESPONSE","x-frame-options","","","","MEDIUM","https://script.hotjar.com/modules.ddd41caee2adfc4aedb8.js"
"RESPONSE","access-control-allow-origin","","","","HIGH","https://script.hotjar.com/modules.ddd41caee2adfc4aedb8.js"
"RESPONSE","strict-transport-security","","","","HIGH","https://app.neilpatel.com/api/user/limits"
"RESPONSE","content-security-policy","","","","HIGH","https://app.neilpatel.com/api/user/limits"
"RESPONSE","x-frame-options","","","","MEDIUM","https://app.neilpatel.com/api/user/limits"
"RESPONSE","x-content-type-options","","","","MEDIUM","https://app.neilpatel.com/api/user/limits"
"RESPONSE","strict-transport-security","","","","HIGH","https://app.neilpatel.com/api/projects"
"RESPONSE","content-security-policy","","","","HIGH","https://app.neilpatel.com/api/projects"
"RESPONSE","x-frame-options","","","","MEDIUM","https://app.neilpatel.com/api/projects"
"RESPONSE","x-content-type-options","","","","MEDIUM","https://app.neilpatel.com/api/projects"
"RESPONSE","strict-transport-security","","","","HIGH","https://app.neilpatel.com/api/addons"
"RESPONSE","content-security-policy","","","","HIGH","https://app.neilpatel.com/api/addons"
"RESPONSE","x-frame-options","","","","MEDIUM","https://app.neilpatel.com/api/addons"
"RESPONSE","x-content-type-options","","","","MEDIUM","https://app.neilpatel.com/api/addons"
"RESPONSE","strict-transport-security","","","","HIGH","https://www.google.com/recaptcha/api.js"
"RESPONSE","content-security-policy","","","","HIGH","https://www.google.com/recaptcha/api.js"
"RESPONSE","server","ESF","","","LOW",""
"RESPONSE","content-security-policy","","","","HIGH","https://load.d.neilpatel.com/gtag/js?id=AW-348714864&cx=c&gtm=4e63b1"
"RESPONSE","x-frame-options","","","","MEDIUM","https://load.d.neilpatel.com/gtag/js?id=AW-348714864&cx=c&gtm=4e63b1"
"RESPONSE","access-control-allow-origin","","","","HIGH","https://load.d.neilpatel.com/gtag/js?id=AW-348714864&cx=c&gtm=4e63b1"
"RESPONSE","server","cloudflare","","","LOW",""
"RESPONSE","content-security-policy","","","","HIGH","https://static.zdassets.com/web_widget/messenger/latest/web-widget-4754-d1c461b."
"RESPONSE","x-frame-options","","","","MEDIUM","https://static.zdassets.com/web_widget/messenger/latest/web-widget-4754-d1c461b."
"RESPONSE","x-content-type-options","","","","MEDIUM","https://static.zdassets.com/web_widget/messenger/latest/web-widget-4754-d1c461b."
"RESPONSE","access-control-allow-origin","","","","HIGH","https://static.zdassets.com/web_widget/messenger/latest/web-widget-4754-d1c461b."
"RESPONSE","server","cloudflare","","","LOW",""
"RESPONSE","content-security-policy","","","","HIGH","https://static.zdassets.com/web_widget/messenger/latest/web-widget-6727-d1c461b."
"RESPONSE","x-frame-options","","","","MEDIUM","https://static.zdassets.com/web_widget/messenger/latest/web-widget-6727-d1c461b."
"RESPONSE","x-content-type-options","","","","MEDIUM","https://static.zdassets.com/web_widget/messenger/latest/web-widget-6727-d1c461b."
"RESPONSE","access-control-allow-origin","","","","HIGH","https://static.zdassets.com/web_widget/messenger/latest/web-widget-6727-d1c461b."
"RESPONSE","server","cloudflare","","","LOW",""
"RESPONSE","content-security-policy","","","","HIGH","https://static.zdassets.com/web_widget/messenger/latest/web-widget-4439-d1c461b."
"RESPONSE","x-frame-options","","","","MEDIUM","https://static.zdassets.com/web_widget/messenger/latest/web-widget-4439-d1c461b."
"RESPONSE","x-content-type-options","","","","MEDIUM","https://static.zdassets.com/web_widget/messenger/latest/web-widget-4439-d1c461b."
"RESPONSE","access-control-allow-origin","","","","HIGH","https://static.zdassets.com/web_widget/messenger/latest/web-widget-4439-d1c461b."
"RESPONSE","server","cloudflare","","","LOW",""
"RESPONSE","content-security-policy","","","","HIGH","https://static.zdassets.com/web_widget/messenger/latest/web-widget-locales/messe"
"RESPONSE","x-frame-options","","","","MEDIUM","https://static.zdassets.com/web_widget/messenger/latest/web-widget-locales/messe"
"RESPONSE","x-content-type-options","","","","MEDIUM","https://static.zdassets.com/web_widget/messenger/latest/web-widget-locales/messe"
"RESPONSE","access-control-allow-origin","","","","HIGH","https://static.zdassets.com/web_widget/messenger/latest/web-widget-locales/messe"
"RESPONSE","server","cloudflare","","","LOW",""
"RESPONSE","content-security-policy","","","","HIGH","https://static.zdassets.com/web_widget/messenger/latest/web-widget-4256-d1c461b."
"RESPONSE","x-frame-options","","","","MEDIUM","https://static.zdassets.com/web_widget/messenger/latest/web-widget-4256-d1c461b."
"RESPONSE","x-content-type-options","","","","MEDIUM","https://static.zdassets.com/web_widget/messenger/latest/web-widget-4256-d1c461b."
"RESPONSE","access-control-allow-origin","","","","HIGH","https://static.zdassets.com/web_widget/messenger/latest/web-widget-4256-d1c461b."
"RESPONSE","server","cloudflare","","","LOW",""
"RESPONSE","content-security-policy","","","","HIGH","https://dev.visualwebsiteoptimizer.com/j.php?a=500967&u=https%3A%2F%2Fapp.neilpa"
"RESPONSE","x-frame-options","","","","MEDIUM","https://dev.visualwebsiteoptimizer.com/j.php?a=500967&u=https%3A%2F%2Fapp.neilpa"
"RESPONSE","x-content-type-options","","","","MEDIUM","https://dev.visualwebsiteoptimizer.com/j.php?a=500967&u=https%3A%2F%2Fapp.neilpa"
"RESPONSE","access-control-allow-origin","","","","HIGH","https://dev.visualwebsiteoptimizer.com/j.php?a=500967&u=https%3A%2F%2Fapp.neilpa"
"RESPONSE","server","gnv1","","","LOW",""
"RESPONSE","strict-transport-security","","","","HIGH","https://analytics.tiktok.com/i18n/pixel/events.js?sdkid=CC367VRC77UBH2MM6DN0&lib"
"RESPONSE","content-security-policy","","","","HIGH","https://analytics.tiktok.com/i18n/pixel/events.js?sdkid=CC367VRC77UBH2MM6DN0&lib"
"RESPONSE","x-frame-options","","","","MEDIUM","https://analytics.tiktok.com/i18n/pixel/events.js?sdkid=CC367VRC77UBH2MM6DN0&lib"
"RESPONSE","x-content-type-options","","","","MEDIUM","https://analytics.tiktok.com/i18n/pixel/events.js?sdkid=CC367VRC77UBH2MM6DN0&lib"
"RESPONSE","server","nginx","","","LOW",""
"RESPONSE","strict-transport-security","","","","HIGH","https://www.clarity.ms/tag/add?ref=gtm"
"RESPONSE","content-security-policy","","","","HIGH","https://www.clarity.ms/tag/add?ref=gtm"
"RESPONSE","x-frame-options","","","","MEDIUM","https://www.clarity.ms/tag/add?ref=gtm"
"RESPONSE","x-content-type-options","","","","MEDIUM","https://www.clarity.ms/tag/add?ref=gtm"
"RESPONSE","server","nginx","","","LOW",""
"RESPONSE","strict-transport-security","","","","HIGH","https://cdn.growthbook.io/api/features/sdk-whZBmZ6VQkXVFPy5"
"RESPONSE","content-security-policy","","","","HIGH","https://cdn.growthbook.io/api/features/sdk-whZBmZ6VQkXVFPy5"
"RESPONSE","x-frame-options","","","","MEDIUM","https://cdn.growthbook.io/api/features/sdk-whZBmZ6VQkXVFPy5"
"RESPONSE","x-content-type-options","","","","MEDIUM","https://cdn.growthbook.io/api/features/sdk-whZBmZ6VQkXVFPy5"
"RESPONSE","access-control-allow-origin","","","","HIGH","https://cdn.growthbook.io/api/features/sdk-whZBmZ6VQkXVFPy5"
"RESPONSE","x-powered-by","Express","","","LOW",""
"RESPONSE","content-security-policy","","","","HIGH","https://load.d.neilpatel.com/gtag/js?id=G-PE1RZ8MRZD&cx=c&gtm=4e63b1"
"RESPONSE","x-frame-options","","","","MEDIUM","https://load.d.neilpatel.com/gtag/js?id=G-PE1RZ8MRZD&cx=c&gtm=4e63b1"
"RESPONSE","access-control-allow-origin","","","","HIGH","https://load.d.neilpatel.com/gtag/js?id=G-PE1RZ8MRZD&cx=c&gtm=4e63b1"
"RESPONSE","server","cloudflare","","","LOW",""
"RESPONSE","strict-transport-security","","","","HIGH","https://analytics.google.com/g/collect?a=adblocker_check"
"RESPONSE","content-security-policy","","","","HIGH","https://analytics.google.com/g/collect?a=adblocker_check"
"RESPONSE","x-frame-options","","","","MEDIUM","https://analytics.google.com/g/collect?a=adblocker_check"
"RESPONSE","x-content-type-options","","","","MEDIUM","https://analytics.google.com/g/collect?a=adblocker_check"
"RESPONSE","access-control-allow-origin","","","","HIGH","https://analytics.google.com/g/collect?a=adblocker_check"
"RESPONSE","server","Golfe2","","","LOW",""
"RESPONSE","strict-transport-security","","","","HIGH","https://www.google.com/ccm/collect?frm=0&en=page_view&dl=https%3A%2F%2Fapp.neilp"
"RESPONSE","content-security-policy","","","","HIGH","https://www.google.com/ccm/collect?frm=0&en=page_view&dl=https%3A%2F%2Fapp.neilp"
"RESPONSE","x-frame-options","","","","MEDIUM","https://www.google.com/ccm/collect?frm=0&en=page_view&dl=https%3A%2F%2Fapp.neilp"
"RESPONSE","x-content-type-options","","","","MEDIUM","https://www.google.com/ccm/collect?frm=0&en=page_view&dl=https%3A%2F%2Fapp.neilp"
"RESPONSE","strict-transport-security","","","","HIGH","https://www.google.com/ccm/collect?frm=0&ae=g&dl=https%3A%2F%2Fapp.neilpatel.com"
"RESPONSE","content-security-policy","","","","HIGH","https://www.google.com/ccm/collect?frm=0&ae=g&dl=https%3A%2F%2Fapp.neilpatel.com"
"RESPONSE","x-frame-options","","","","MEDIUM","https://www.google.com/ccm/collect?frm=0&ae=g&dl=https%3A%2F%2Fapp.neilpatel.com"
"RESPONSE","x-content-type-options","","","","MEDIUM","https://www.google.com/ccm/collect?frm=0&ae=g&dl=https%3A%2F%2Fapp.neilpatel.com"
"RESPONSE","strict-transport-security","","","","HIGH","https://www.google.com/ccm/collect?frm=0&ae=g&en=page_view&dl=https%3A%2F%2Fapp."
"RESPONSE","content-security-policy","","","","HIGH","https://www.google.com/ccm/collect?frm=0&ae=g&en=page_view&dl=https%3A%2F%2Fapp."
"RESPONSE","x-frame-options","","","","MEDIUM","https://www.google.com/ccm/collect?frm=0&ae=g&en=page_view&dl=https%3A%2F%2Fapp."
"RESPONSE","x-content-type-options","","","","MEDIUM","https://www.google.com/ccm/collect?frm=0&ae=g&en=page_view&dl=https%3A%2F%2Fapp."
"RESPONSE","content-security-policy","","","","HIGH","https://bat.bing.com/bat.js"
"RESPONSE","x-frame-options","","","","MEDIUM","https://bat.bing.com/bat.js"
"RESPONSE","x-content-type-options","","","","MEDIUM","https://bat.bing.com/bat.js"
"RESPONSE","content-security-policy","","","","HIGH","https://api-eu1.hubapi.com/hs-script-loader-public/v2/config/pixels-and-events/j"
"RESPONSE","x-frame-options","","","","MEDIUM","https://api-eu1.hubapi.com/hs-script-loader-public/v2/config/pixels-and-events/j"
"RESPONSE","server","cloudflare","","","LOW",""
"RESPONSE","content-security-policy","","","","HIGH","https://t.neilpatel.com/v1/lst/universal-script?ph=2bee8320da5f442befa66db82b48e"
"RESPONSE","x-frame-options","","","","MEDIUM","https://t.neilpatel.com/v1/lst/universal-script?ph=2bee8320da5f442befa66db82b48e"
"RESPONSE","x-content-type-options","","","","MEDIUM","https://t.neilpatel.com/v1/lst/universal-script?ph=2bee8320da5f442befa66db82b48e"
"RESPONSE","server","nginx","","","LOW",""
"RESPONSE","content-security-policy","","","","HIGH","https://load.d.neilpatel.com/gtag/js?id=G-6QNYJFNF1D&cx=c&gtm=4e63b1"
"RESPONSE","x-frame-options","","","","MEDIUM","https://load.d.neilpatel.com/gtag/js?id=G-6QNYJFNF1D&cx=c&gtm=4e63b1"
"RESPONSE","access-control-allow-origin","","","","HIGH","https://load.d.neilpatel.com/gtag/js?id=G-6QNYJFNF1D&cx=c&gtm=4e63b1"
"RESPONSE","server","cloudflare","","","LOW",""
"RESPONSE","strict-transport-security","","","","HIGH","https://d.neilpatel.com/data?v=2&event_name=page_view&dtdc=eyJldmVudF9pZCI6IjE3N"
"RESPONSE","content-security-policy","","","","HIGH","https://d.neilpatel.com/data?v=2&event_name=page_view&dtdc=eyJldmVudF9pZCI6IjE3N"
"RESPONSE","x-frame-options","","","","MEDIUM","https://d.neilpatel.com/data?v=2&event_name=page_view&dtdc=eyJldmVudF9pZCI6IjE3N"
"RESPONSE","x-content-type-options","","","","MEDIUM","https://d.neilpatel.com/data?v=2&event_name=page_view&dtdc=eyJldmVudF9pZCI6IjE3N"
"RESPONSE","strict-transport-security","","","","HIGH","https://app.neilpatel.com/assets/hinted-Geomanist-Medium-Cf5ih73x.woff2"
"RESPONSE","x-content-type-options","","","","MEDIUM","https://app.neilpatel.com/assets/hinted-Geomanist-Medium-Cf5ih73x.woff2"
"RESPONSE","server","AmazonS3","","","LOW",""
"RESPONSE","strict-transport-security","","","","HIGH","https://app.neilpatel.com/assets/seo_tip11-Dct8e7St.png"
"RESPONSE","x-content-type-options","","","","MEDIUM","https://app.neilpatel.com/assets/seo_tip11-Dct8e7St.png"
"RESPONSE","server","AmazonS3","","","LOW",""
"RESPONSE","strict-transport-security","","","","HIGH","https://app.neilpatel.com/assets/hinted-Geomanist-Regular-urYec3Iv.woff2"
"RESPONSE","x-content-type-options","","","","MEDIUM","https://app.neilpatel.com/assets/hinted-Geomanist-Regular-urYec3Iv.woff2"
"RESPONSE","server","AmazonS3","","","LOW",""
"RESPONSE","strict-transport-security","","","","HIGH","https://ubersuggest.zendesk.com/embeddable/config"
"RESPONSE","content-security-policy","","","","HIGH","https://ubersuggest.zendesk.com/embeddable/config"
"RESPONSE","x-frame-options","","","","MEDIUM","https://ubersuggest.zendesk.com/embeddable/config"
"RESPONSE","x-content-type-options","","","","MEDIUM","https://ubersuggest.zendesk.com/embeddable/config"
"RESPONSE","access-control-allow-origin","","","","HIGH","https://ubersuggest.zendesk.com/embeddable/config"
"RESPONSE","server","cloudflare","","","LOW",""
"RESPONSE","strict-transport-security","","","","HIGH","https://ubersuggest.zendesk.com/frontendevents/pv?client=1B752747-577B-429A-A0E0"
"RESPONSE","content-security-policy","","","","HIGH","https://ubersuggest.zendesk.com/frontendevents/pv?client=1B752747-577B-429A-A0E0"
"RESPONSE","x-frame-options","","","","MEDIUM","https://ubersuggest.zendesk.com/frontendevents/pv?client=1B752747-577B-429A-A0E0"
"RESPONSE","x-content-type-options","","","","MEDIUM","https://ubersuggest.zendesk.com/frontendevents/pv?client=1B752747-577B-429A-A0E0"
"RESPONSE","access-control-allow-origin","","","","HIGH","https://ubersuggest.zendesk.com/frontendevents/pv?client=1B752747-577B-429A-A0E0"
"RESPONSE","server","cloudflare","","","LOW",""
"RESPONSE","content-security-policy","","","","HIGH","https://dev.visualwebsiteoptimizer.com/v.gif?cd=0&a=500967&d=app.neilpatel.com&u"
"RESPONSE","x-frame-options","","","","MEDIUM","https://dev.visualwebsiteoptimizer.com/v.gif?cd=0&a=500967&d=app.neilpatel.com&u"
"RESPONSE","access-control-allow-origin","","","","HIGH","https://dev.visualwebsiteoptimizer.com/v.gif?cd=0&a=500967&d=app.neilpatel.com&u"
"RESPONSE","server","gnv03c","","","LOW",""
"RESPONSE","strict-transport-security","","","","HIGH","https://www.google-analytics.com/j/collect?v=1&_v=j102&a=1846027494&t=pageview&_"
"RESPONSE","content-security-policy","","","","HIGH","https://www.google-analytics.com/j/collect?v=1&_v=j102&a=1846027494&t=pageview&_"
"RESPONSE","x-frame-options","","","","MEDIUM","https://www.google-analytics.com/j/collect?v=1&_v=j102&a=1846027494&t=pageview&_"
"RESPONSE","server","Golfe2","","","LOW",""
"RESPONSE","content-security-policy","","","","HIGH","https://bat.bing.com/p/action/136027005.js"
"RESPONSE","x-frame-options","","","","MEDIUM","https://bat.bing.com/p/action/136027005.js"
"RESPONSE","x-content-type-options","","","","MEDIUM","https://bat.bing.com/p/action/136027005.js"
"RESPONSE","strict-transport-security","","","","HIGH","https://analytics.google.com/g/collect?v=2&tid=G-PE1RZ8MRZD&gtm=45je63b1v8676120"
"RESPONSE","content-security-policy","","","","HIGH","https://analytics.google.com/g/collect?v=2&tid=G-PE1RZ8MRZD&gtm=45je63b1v8676120"
"RESPONSE","x-frame-options","","","","MEDIUM","https://analytics.google.com/g/collect?v=2&tid=G-PE1RZ8MRZD&gtm=45je63b1v8676120"
"RESPONSE","x-content-type-options","","","","MEDIUM","https://analytics.google.com/g/collect?v=2&tid=G-PE1RZ8MRZD&gtm=45je63b1v8676120"
"RESPONSE","server","Golfe2","","","LOW",""
"RESPONSE","strict-transport-security","","","","HIGH","https://analytics.google.com/g/collect?v=2&tid=G-PE1RZ8MRZD&gtm=45je63b1v8676120"
"RESPONSE","content-security-policy","","","","HIGH","https://analytics.google.com/g/collect?v=2&tid=G-PE1RZ8MRZD&gtm=45je63b1v8676120"
"RESPONSE","x-frame-options","","","","MEDIUM","https://analytics.google.com/g/collect?v=2&tid=G-PE1RZ8MRZD&gtm=45je63b1v8676120"
"RESPONSE","x-content-type-options","","","","MEDIUM","https://analytics.google.com/g/collect?v=2&tid=G-PE1RZ8MRZD&gtm=45je63b1v8676120"
"RESPONSE","server","Golfe2","","","LOW",""
"RESPONSE","strict-transport-security","","","","HIGH","https://analytics.google.com/g/collect?v=2&tid=G-6QNYJFNF1D&gtm=45je63b1v9103544"
"RESPONSE","content-security-policy","","","","HIGH","https://analytics.google.com/g/collect?v=2&tid=G-6QNYJFNF1D&gtm=45je63b1v9103544"
"RESPONSE","x-frame-options","","","","MEDIUM","https://analytics.google.com/g/collect?v=2&tid=G-6QNYJFNF1D&gtm=45je63b1v9103544"
"RESPONSE","x-content-type-options","","","","MEDIUM","https://analytics.google.com/g/collect?v=2&tid=G-6QNYJFNF1D&gtm=45je63b1v9103544"
"RESPONSE","server","Golfe2","","","LOW",""
"RESPONSE","content-security-policy","","","","HIGH","https://www.googletagmanager.com/gtag/js?id=AW-10841102949"
"RESPONSE","x-frame-options","","","","MEDIUM","https://www.googletagmanager.com/gtag/js?id=AW-10841102949"
"RESPONSE","x-content-type-options","","","","MEDIUM","https://www.googletagmanager.com/gtag/js?id=AW-10841102949"
"RESPONSE","access-control-allow-origin","","","","HIGH","https://www.googletagmanager.com/gtag/js?id=AW-10841102949"
"RESPONSE","server","Google Tag Manager","","","LOW",""
"RESPONSE","strict-transport-security","","","","HIGH","https://googleads.g.doubleclick.net/pagead/viewthroughconversion/348714864/?rand"
"RESPONSE","content-security-policy","","","","HIGH","https://googleads.g.doubleclick.net/pagead/viewthroughconversion/348714864/?rand"
"RESPONSE","x-frame-options","","","","MEDIUM","https://googleads.g.doubleclick.net/pagead/viewthroughconversion/348714864/?rand"
"RESPONSE","server","cafe","","","LOW",""
"RESPONSE","strict-transport-security","","","","HIGH","https://ubersuggest.zendesk.com/frontendevents/pv?client=1B752747-577B-429A-A0E0"
"RESPONSE","content-security-policy","","","","HIGH","https://ubersuggest.zendesk.com/frontendevents/pv?client=1B752747-577B-429A-A0E0"
"RESPONSE","x-frame-options","","","","MEDIUM","https://ubersuggest.zendesk.com/frontendevents/pv?client=1B752747-577B-429A-A0E0"
"RESPONSE","x-content-type-options","","","","MEDIUM","https://ubersuggest.zendesk.com/frontendevents/pv?client=1B752747-577B-429A-A0E0"
"RESPONSE","access-control-allow-origin","","","","HIGH","https://ubersuggest.zendesk.com/frontendevents/pv?client=1B752747-577B-429A-A0E0"
"RESPONSE","server","cloudflare","","","LOW",""
"RESPONSE","strict-transport-security","","","","HIGH","https://googleads.g.doubleclick.net/pagead/viewthroughconversion/348714864/?rand"
"RESPONSE","content-security-policy","","","","HIGH","https://googleads.g.doubleclick.net/pagead/viewthroughconversion/348714864/?rand"
"RESPONSE","x-frame-options","","","","MEDIUM","https://googleads.g.doubleclick.net/pagead/viewthroughconversion/348714864/?rand"
"RESPONSE","server","cafe","","","LOW",""
"RESPONSE","content-security-policy","","","","HIGH","https://bat.bing.com/action/0?ti=136027005&Ver=2&mid=fe105278-6290-4eb9-bc66-58d"
"RESPONSE","x-frame-options","","","","MEDIUM","https://bat.bing.com/action/0?ti=136027005&Ver=2&mid=fe105278-6290-4eb9-bc66-58d"
"RESPONSE","x-content-type-options","","","","MEDIUM","https://bat.bing.com/action/0?ti=136027005&Ver=2&mid=fe105278-6290-4eb9-bc66-58d"
"RESPONSE","access-control-allow-origin","","","","HIGH","https://bat.bing.com/action/0?ti=136027005&Ver=2&mid=fe105278-6290-4eb9-bc66-58d"
"RESPONSE","strict-transport-security","","","","HIGH","https://www.clarity.ms/tag/uet/136027005"
"RESPONSE","content-security-policy","","","","HIGH","https://www.clarity.ms/tag/uet/136027005"
"RESPONSE","x-frame-options","","","","MEDIUM","https://www.clarity.ms/tag/uet/136027005"
"RESPONSE","x-content-type-options","","","","MEDIUM","https://www.clarity.ms/tag/uet/136027005"
"RESPONSE","server","nginx","","","LOW",""
"RESPONSE","strict-transport-security","","","","HIGH","https://app.neilpatel.com/assets/ubersuggest-logo-orange-2-BF10Eq7c.js"
"RESPONSE","x-content-type-options","","","","MEDIUM","https://app.neilpatel.com/assets/ubersuggest-logo-orange-2-BF10Eq7c.js"
"RESPONSE","server","AmazonS3","","","LOW",""
"RESPONSE","strict-transport-security","","","","HIGH","https://app.neilpatel.com/assets/index-CsWVu6uM.js"
"RESPONSE","x-content-type-options","","","","MEDIUM","https://app.neilpatel.com/assets/index-CsWVu6uM.js"
"RESPONSE","server","AmazonS3","","","LOW",""
"RESPONSE","strict-transport-security","","","","HIGH","https://www.google.com/ccm/collect?frm=0&en=page_view&dl=https%3A%2F%2Fapp.neilp"
"RESPONSE","content-security-policy","","","","HIGH","https://www.google.com/ccm/collect?frm=0&en=page_view&dl=https%3A%2F%2Fapp.neilp"
"RESPONSE","x-frame-options","","","","MEDIUM","https://www.google.com/ccm/collect?frm=0&en=page_view&dl=https%3A%2F%2Fapp.neilp"
"RESPONSE","x-content-type-options","","","","MEDIUM","https://www.google.com/ccm/collect?frm=0&en=page_view&dl=https%3A%2F%2Fapp.neilp"
"RESPONSE","strict-transport-security","","","","HIGH","https://www.google.com/pagead/1p-user-list/348714864/?random=1773407402018&cv=11"
"RESPONSE","x-frame-options","","","","MEDIUM","https://www.google.com/pagead/1p-user-list/348714864/?random=1773407402018&cv=11"
"RESPONSE","server","cafe","","","LOW",""
"RESPONSE","strict-transport-security","","","","HIGH","https://www.google.com/pagead/1p-user-list/348714864/?random=1773407401987&cv=11"
"RESPONSE","x-frame-options","","","","MEDIUM","https://www.google.com/pagead/1p-user-list/348714864/?random=1773407401987&cv=11"
"RESPONSE","server","cafe","","","LOW",""
"RESPONSE","strict-transport-security","","","","HIGH","https://analytics.tiktok.com/i18n/pixel/static/main.MTEwMjY2ZTExOQ.js"
"RESPONSE","content-security-policy","","","","HIGH","https://analytics.tiktok.com/i18n/pixel/static/main.MTEwMjY2ZTExOQ.js"
"RESPONSE","x-frame-options","","","","MEDIUM","https://analytics.tiktok.com/i18n/pixel/static/main.MTEwMjY2ZTExOQ.js"
"RESPONSE","x-content-type-options","","","","MEDIUM","https://analytics.tiktok.com/i18n/pixel/static/main.MTEwMjY2ZTExOQ.js"
"RESPONSE","server","nginx","","","LOW",""
"RESPONSE","content-security-policy","","","","HIGH","https://t.neilpatel.com/v1/lst/gusid"
"RESPONSE","x-frame-options","","","","MEDIUM","https://t.neilpatel.com/v1/lst/gusid"
"RESPONSE","x-content-type-options","","","","MEDIUM","https://t.neilpatel.com/v1/lst/gusid"
"RESPONSE","server","nginx","","","LOW",""
"RESPONSE","content-security-policy","","","","HIGH","https://load.d.neilpatel.com/gtag/js?id=AW-10841102949&cx=c&gtm=4e63b1"
"RESPONSE","x-frame-options","","","","MEDIUM","https://load.d.neilpatel.com/gtag/js?id=AW-10841102949&cx=c&gtm=4e63b1"
"RESPONSE","access-control-allow-origin","","","","HIGH","https://load.d.neilpatel.com/gtag/js?id=AW-10841102949&cx=c&gtm=4e63b1"
"RESPONSE","server","cloudflare","","","LOW",""
"RESPONSE","strict-transport-security","","","","HIGH","https://stats.g.doubleclick.net/g/collect?v=2&tid=G-PE1RZ8MRZD&cid=1827110152.17"
"RESPONSE","content-security-policy","","","","HIGH","https://stats.g.doubleclick.net/g/collect?v=2&tid=G-PE1RZ8MRZD&cid=1827110152.17"
"RESPONSE","x-frame-options","","","","MEDIUM","https://stats.g.doubleclick.net/g/collect?v=2&tid=G-PE1RZ8MRZD&cid=1827110152.17"
"RESPONSE","x-content-type-options","","","","MEDIUM","https://stats.g.doubleclick.net/g/collect?v=2&tid=G-PE1RZ8MRZD&cid=1827110152.17"
"RESPONSE","server","Golfe2","","","LOW",""
"RESPONSE","strict-transport-security","","","","HIGH","https://stats.g.doubleclick.net/g/collect?v=2&tid=G-6QNYJFNF1D&cid=1827110152.17"
"RESPONSE","content-security-policy","","","","HIGH","https://stats.g.doubleclick.net/g/collect?v=2&tid=G-6QNYJFNF1D&cid=1827110152.17"
"RESPONSE","x-frame-options","","","","MEDIUM","https://stats.g.doubleclick.net/g/collect?v=2&tid=G-6QNYJFNF1D&cid=1827110152.17"
"RESPONSE","x-content-type-options","","","","MEDIUM","https://stats.g.doubleclick.net/g/collect?v=2&tid=G-6QNYJFNF1D&cid=1827110152.17"
"RESPONSE","server","Golfe2","","","LOW",""
"RESPONSE","strict-transport-security","","","","HIGH","https://googleads.g.doubleclick.net/pagead/viewthroughconversion/10841102949/?ra"
"RESPONSE","content-security-policy","","","","HIGH","https://googleads.g.doubleclick.net/pagead/viewthroughconversion/10841102949/?ra"
"RESPONSE","x-frame-options","","","","MEDIUM","https://googleads.g.doubleclick.net/pagead/viewthroughconversion/10841102949/?ra"
"RESPONSE","server","cafe","","","LOW",""
"RESPONSE","strict-transport-security","","","","HIGH","https://app.neilpatel.com/assets/ubersuggest-logo-orange-2--zbJ67AV.svg"
"RESPONSE","x-content-type-options","","","","MEDIUM","https://app.neilpatel.com/assets/ubersuggest-logo-orange-2--zbJ67AV.svg"
"RESPONSE","server","AmazonS3","","","LOW",""
"RESPONSE","strict-transport-security","","","","HIGH","https://app.neilpatel.com/assets/hinted-Geomanist-Book-Cv5PiIgS.woff2"
"RESPONSE","x-content-type-options","","","","MEDIUM","https://app.neilpatel.com/assets/hinted-Geomanist-Book-Cv5PiIgS.woff2"
"RESPONSE","server","AmazonS3","","","LOW",""
"RESPONSE","strict-transport-security","","","","HIGH","https://app.neilpatel.com/assets/hinted-Geomanist-Light-CCCa7lts.woff2"
"RESPONSE","x-content-type-options","","","","MEDIUM","https://app.neilpatel.com/assets/hinted-Geomanist-Light-CCCa7lts.woff2"
"RESPONSE","server","AmazonS3","","","LOW",""
"RESPONSE","content-security-policy","","","","HIGH","https://t.neilpatel.com/v1/lst/gusid"
"RESPONSE","x-frame-options","","","","MEDIUM","https://t.neilpatel.com/v1/lst/gusid"
"RESPONSE","x-content-type-options","","","","MEDIUM","https://t.neilpatel.com/v1/lst/gusid"
"RESPONSE","server","nginx","","","LOW",""
"RESPONSE","strict-transport-security","","","","HIGH","https://analytics.tiktok.com/i18n/pixel/static/identify_31760074.js"
"RESPONSE","content-security-policy","","","","HIGH","https://analytics.tiktok.com/i18n/pixel/static/identify_31760074.js"
"RESPONSE","x-frame-options","","","","MEDIUM","https://analytics.tiktok.com/i18n/pixel/static/identify_31760074.js"
"RESPONSE","x-content-type-options","","","","MEDIUM","https://analytics.tiktok.com/i18n/pixel/static/identify_31760074.js"
"RESPONSE","server","nginx","","","LOW",""
"RESPONSE","strict-transport-security","","","","HIGH","https://analytics.tiktok.com/api/v2/pixel"
"RESPONSE","content-security-policy","","","","HIGH","https://analytics.tiktok.com/api/v2/pixel"
"RESPONSE","x-frame-options","","","","MEDIUM","https://analytics.tiktok.com/api/v2/pixel"
"RESPONSE","x-content-type-options","","","","MEDIUM","https://analytics.tiktok.com/api/v2/pixel"
"RESPONSE","access-control-allow-origin","","","","HIGH","https://analytics.tiktok.com/api/v2/pixel"
"RESPONSE","server","nginx","","","LOW",""
"RESPONSE","strict-transport-security","","","","HIGH","https://analytics.tiktok.com/api/v2/pixel"
"RESPONSE","content-security-policy","","","","HIGH","https://analytics.tiktok.com/api/v2/pixel"
"RESPONSE","x-frame-options","","","","MEDIUM","https://analytics.tiktok.com/api/v2/pixel"
"RESPONSE","x-content-type-options","","","","MEDIUM","https://analytics.tiktok.com/api/v2/pixel"
"RESPONSE","access-control-allow-origin","","","","HIGH","https://analytics.tiktok.com/api/v2/pixel"
"RESPONSE","server","nginx","","","LOW",""
"RESPONSE","strict-transport-security","","","","HIGH","https://www.google.com/pagead/1p-user-list/10841102949/?random=1773407402594&cv="
"RESPONSE","x-frame-options","","","","MEDIUM","https://www.google.com/pagead/1p-user-list/10841102949/?random=1773407402594&cv="
"RESPONSE","server","cafe","","","LOW",""
"RESPONSE","strict-transport-security","","","","HIGH","https://fonts.gstatic.com/s/roboto/v51/KFO7CnqEu92Fr1ME7kSn66aGLdTylUAMa3yUBA.wo"
"RESPONSE","content-security-policy","","","","HIGH","https://fonts.gstatic.com/s/roboto/v51/KFO7CnqEu92Fr1ME7kSn66aGLdTylUAMa3yUBA.wo"
"RESPONSE","x-frame-options","","","","MEDIUM","https://fonts.gstatic.com/s/roboto/v51/KFO7CnqEu92Fr1ME7kSn66aGLdTylUAMa3yUBA.wo"
"RESPONSE","access-control-allow-origin","","","","HIGH","https://fonts.gstatic.com/s/roboto/v51/KFO7CnqEu92Fr1ME7kSn66aGLdTylUAMa3yUBA.wo"
"RESPONSE","server","sffe","","","LOW",""
"RESPONSE","strict-transport-security","","","","HIGH","https://app.neilpatel.com/api/user_action"
"RESPONSE","content-security-policy","","","","HIGH","https://app.neilpatel.com/api/user_action"
"RESPONSE","x-frame-options","","","","MEDIUM","https://app.neilpatel.com/api/user_action"
"RESPONSE","x-content-type-options","","","","MEDIUM","https://app.neilpatel.com/api/user_action"
"RESPONSE","strict-transport-security","","","","HIGH","https://www.gstatic.com/recaptcha/releases/QvLuXwupqtKCyjBw2xIzFLIf/recaptcha__e"
"RESPONSE","content-security-policy","","","","HIGH","https://www.gstatic.com/recaptcha/releases/QvLuXwupqtKCyjBw2xIzFLIf/recaptcha__e"
"RESPONSE","x-frame-options","","","","MEDIUM","https://www.gstatic.com/recaptcha/releases/QvLuXwupqtKCyjBw2xIzFLIf/recaptcha__e"
"RESPONSE","access-control-allow-origin","","","","HIGH","https://www.gstatic.com/recaptcha/releases/QvLuXwupqtKCyjBw2xIzFLIf/recaptcha__e"
"RESPONSE","server","sffe","","","LOW",""
"RESPONSE","content-security-policy","","","","HIGH","https://analytics-ipv6.tiktokw.us/ipv6/enrich_ipv6"
"RESPONSE","x-frame-options","","","","MEDIUM","https://analytics-ipv6.tiktokw.us/ipv6/enrich_ipv6"
"RESPONSE","x-content-type-options","","","","MEDIUM","https://analytics-ipv6.tiktokw.us/ipv6/enrich_ipv6"
"RESPONSE","access-control-allow-origin","","","","HIGH","https://analytics-ipv6.tiktokw.us/ipv6/enrich_ipv6"
"RESPONSE","server","nginx","","","LOW",""
"RESPONSE","strict-transport-security","","","","HIGH","https://challenges.cloudflare.com/turnstile/v0/g/ea2d291c0fdc/api.js"
"RESPONSE","content-security-policy","","","","HIGH","https://challenges.cloudflare.com/turnstile/v0/g/ea2d291c0fdc/api.js"
"RESPONSE","x-frame-options","","","","MEDIUM","https://challenges.cloudflare.com/turnstile/v0/g/ea2d291c0fdc/api.js"
"RESPONSE","x-content-type-options","","","","MEDIUM","https://challenges.cloudflare.com/turnstile/v0/g/ea2d291c0fdc/api.js"
"RESPONSE","access-control-allow-origin","","","","HIGH","https://challenges.cloudflare.com/turnstile/v0/g/ea2d291c0fdc/api.js"
"RESPONSE","server","cloudflare","","","LOW",""
"RESPONSE","strict-transport-security","","","","HIGH","https://scripts.clarity.ms/0.8.58-beta/clarity.js"
"RESPONSE","content-security-policy","","","","HIGH","https://scripts.clarity.ms/0.8.58-beta/clarity.js"
"RESPONSE","x-frame-options","","","","MEDIUM","https://scripts.clarity.ms/0.8.58-beta/clarity.js"
"RESPONSE","x-content-type-options","","","","MEDIUM","https://scripts.clarity.ms/0.8.58-beta/clarity.js"
"RESPONSE","access-control-allow-origin","","","","HIGH","https://scripts.clarity.ms/0.8.58-beta/clarity.js"
"RESPONSE","content-security-policy","","","","HIGH","https://www.facebook.com/tr/?id=290266399967247&ev=PageView&dl=https%3A%2F%2Fapp"
"RESPONSE","x-frame-options","","","","MEDIUM","https://www.facebook.com/tr/?id=290266399967247&ev=PageView&dl=https%3A%2F%2Fapp"
"RESPONSE","x-content-type-options","","","","MEDIUM","https://www.facebook.com/tr/?id=290266399967247&ev=PageView&dl=https%3A%2F%2Fapp"
"RESPONSE","server","proxygen-bolt","","","LOW",""
"RESPONSE","content-security-policy","","","","HIGH","https://lg.hyr.so/v1/lst/session"
"RESPONSE","x-frame-options","","","","MEDIUM","https://lg.hyr.so/v1/lst/session"
"RESPONSE","x-content-type-options","","","","MEDIUM","https://lg.hyr.so/v1/lst/session"
"RESPONSE","strict-transport-security","","","","HIGH","https://analytics.tiktok.com/api/v2/pixel/act"
"RESPONSE","content-security-policy","","","","HIGH","https://analytics.tiktok.com/api/v2/pixel/act"
"RESPONSE","x-frame-options","","","","MEDIUM","https://analytics.tiktok.com/api/v2/pixel/act"
"RESPONSE","x-content-type-options","","","","MEDIUM","https://analytics.tiktok.com/api/v2/pixel/act"
"RESPONSE","access-control-allow-origin","","","","HIGH","https://analytics.tiktok.com/api/v2/pixel/act"
"RESPONSE","server","nginx","","","LOW",""
"RESPONSE","strict-transport-security","","","","HIGH","https://challenges.cloudflare.com/cdn-cgi/challenge-platform/h/g/turnstile/f/ov2"
"RESPONSE","x-frame-options","","","","MEDIUM","https://challenges.cloudflare.com/cdn-cgi/challenge-platform/h/g/turnstile/f/ov2"
"RESPONSE","x-content-type-options","","","","MEDIUM","https://challenges.cloudflare.com/cdn-cgi/challenge-platform/h/g/turnstile/f/ov2"
"RESPONSE","server","cloudflare","","","LOW",""
"RESPONSE","content-security-policy","","","","HIGH","https://lg.hyr.so/v1/lst/session"
"RESPONSE","x-frame-options","","","","MEDIUM","https://lg.hyr.so/v1/lst/session"
"RESPONSE","x-content-type-options","","","","MEDIUM","https://lg.hyr.so/v1/lst/session"
"RESPONSE","content-security-policy","","","","HIGH","https://t.neilpatel.com/v1/lst/pc?ref_url=https%3A%2F%2Fapp.neilpatel.com%2Fen%2"
"RESPONSE","x-frame-options","","","","MEDIUM","https://t.neilpatel.com/v1/lst/pc?ref_url=https%3A%2F%2Fapp.neilpatel.com%2Fen%2"
"RESPONSE","x-content-type-options","","","","MEDIUM","https://t.neilpatel.com/v1/lst/pc?ref_url=https%3A%2F%2Fapp.neilpatel.com%2Fen%2"
"RESPONSE","server","nginx","","","LOW",""
"RESPONSE","content-security-policy","","","","HIGH","https://t.neilpatel.com/v1/lst/pc?ref_url=https%3A%2F%2Fapp.neilpatel.com%2Fen%2"
"RESPONSE","x-frame-options","","","","MEDIUM","https://t.neilpatel.com/v1/lst/pc?ref_url=https%3A%2F%2Fapp.neilpatel.com%2Fen%2"
"RESPONSE","x-content-type-options","","","","MEDIUM","https://t.neilpatel.com/v1/lst/pc?ref_url=https%3A%2F%2Fapp.neilpatel.com%2Fen%2"
"RESPONSE","server","nginx","","","LOW",""
"RESPONSE","strict-transport-security","","","","HIGH","https://k.clarity.ms/collect"
"RESPONSE","content-security-policy","","","","HIGH","https://k.clarity.ms/collect"
"RESPONSE","x-frame-options","","","","MEDIUM","https://k.clarity.ms/collect"
"RESPONSE","x-content-type-options","","","","MEDIUM","https://k.clarity.ms/collect"
"RESPONSE","server","nginx","","","LOW",""
"RESPONSE","strict-transport-security","","","","HIGH","https://analytics.google.com/g/collect?v=2&tid=G-PE1RZ8MRZD&gtm=45je63b1v8676120"
"RESPONSE","content-security-policy","","","","HIGH","https://analytics.google.com/g/collect?v=2&tid=G-PE1RZ8MRZD&gtm=45je63b1v8676120"
"RESPONSE","x-frame-options","","","","MEDIUM","https://analytics.google.com/g/collect?v=2&tid=G-PE1RZ8MRZD&gtm=45je63b1v8676120"
"RESPONSE","x-content-type-options","","","","MEDIUM","https://analytics.google.com/g/collect?v=2&tid=G-PE1RZ8MRZD&gtm=45je63b1v8676120"
"RESPONSE","server","Golfe2","","","LOW",""
"RESPONSE","strict-transport-security","","","","HIGH","https://app.neilpatel.com/favicon.ico"
"RESPONSE","x-content-type-options","","","","MEDIUM","https://app.neilpatel.com/favicon.ico"
"RESPONSE","server","AmazonS3","","","LOW",""
"RESPONSE","strict-transport-security","","","","HIGH","https://analytics.google.com/g/collect?v=2&tid=G-PE1RZ8MRZD&gtm=45je63b1v8676120"
"RESPONSE","content-security-policy","","","","HIGH","https://analytics.google.com/g/collect?v=2&tid=G-PE1RZ8MRZD&gtm=45je63b1v8676120"
"RESPONSE","x-frame-options","","","","MEDIUM","https://analytics.google.com/g/collect?v=2&tid=G-PE1RZ8MRZD&gtm=45je63b1v8676120"
"RESPONSE","x-content-type-options","","","","MEDIUM","https://analytics.google.com/g/collect?v=2&tid=G-PE1RZ8MRZD&gtm=45je63b1v8676120"
"RESPONSE","server","Golfe2","","","LOW",""
"RESPONSE","strict-transport-security","","","","HIGH","https://analytics.google.com/g/collect?v=2&tid=G-6QNYJFNF1D&gtm=45je63b1v9103544"
"RESPONSE","content-security-policy","","","","HIGH","https://analytics.google.com/g/collect?v=2&tid=G-6QNYJFNF1D&gtm=45je63b1v9103544"
"RESPONSE","x-frame-options","","","","MEDIUM","https://analytics.google.com/g/collect?v=2&tid=G-6QNYJFNF1D&gtm=45je63b1v9103544"
"RESPONSE","x-content-type-options","","","","MEDIUM","https://analytics.google.com/g/collect?v=2&tid=G-6QNYJFNF1D&gtm=45je63b1v9103544"
"RESPONSE","server","Golfe2","","","LOW",""
"RESPONSE","content-security-policy","","","","HIGH","https://track-eu1.hubspot.com/__ptq.gif?k=1&sd=1280x720&cd=32-bit&cs=UTF-8&ln=en"
"RESPONSE","x-frame-options","","","","MEDIUM","https://track-eu1.hubspot.com/__ptq.gif?k=1&sd=1280x720&cd=32-bit&cs=UTF-8&ln=en"
"RESPONSE","server","cloudflare","","","LOW",""
"RESPONSE","strict-transport-security","","","","HIGH","https://c.clarity.ms/c.gif?ctsa=mr&CtsSyncId=2F2F6C4E66D34A7B8366A7996A0DF0E1&MU"
"RESPONSE","content-security-policy","","","","HIGH","https://c.clarity.ms/c.gif?ctsa=mr&CtsSyncId=2F2F6C4E66D34A7B8366A7996A0DF0E1&MU"
"RESPONSE","x-frame-options","","","","MEDIUM","https://c.clarity.ms/c.gif?ctsa=mr&CtsSyncId=2F2F6C4E66D34A7B8366A7996A0DF0E1&MU"
"RESPONSE","x-content-type-options","","","","MEDIUM","https://c.clarity.ms/c.gif?ctsa=mr&CtsSyncId=2F2F6C4E66D34A7B8366A7996A0DF0E1&MU"
"RESPONSE","x-powered-by","ASP.NET","","","LOW",""
"RESPONSE","strict-transport-security","","","","HIGH","https://k.clarity.ms/collect"
"RESPONSE","content-security-policy","","","","HIGH","https://k.clarity.ms/collect"
"RESPONSE","x-frame-options","","","","MEDIUM","https://k.clarity.ms/collect"
"RESPONSE","x-content-type-options","","","","MEDIUM","https://k.clarity.ms/collect"
"RESPONSE","server","nginx","","","LOW",""
"RESPONSE","strict-transport-security","","","","HIGH","https://sentry.neilpatelapi.com/api/3/envelope/?sentry_version=7&sentry_key=c084"
"RESPONSE","content-security-policy","","","","HIGH","https://sentry.neilpatelapi.com/api/3/envelope/?sentry_version=7&sentry_key=c084"
"RESPONSE","x-frame-options","","","","MEDIUM","https://sentry.neilpatelapi.com/api/3/envelope/?sentry_version=7&sentry_key=c084"
"RESPONSE","x-content-type-options","","","","MEDIUM","https://sentry.neilpatelapi.com/api/3/envelope/?sentry_version=7&sentry_key=c084"
"RESPONSE","access-control-allow-origin","","","","HIGH","https://sentry.neilpatelapi.com/api/3/envelope/?sentry_version=7&sentry_key=c084"
"RESPONSE","server","nginx","","","LOW",""
"RESPONSE","content-security-policy","","","","HIGH","https://fink.neilpatelapi.com/track/?verbose=1&ip=1&_=1773407406106"
"RESPONSE","x-frame-options","","","","MEDIUM","https://fink.neilpatelapi.com/track/?verbose=1&ip=1&_=1773407406106"
"RESPONSE","x-content-type-options","","","","MEDIUM","https://fink.neilpatelapi.com/track/?verbose=1&ip=1&_=1773407406106"
"RESPONSE","server","nginx/1.29.4","","","LOW",""
"RESPONSE","content-security-policy","","","","HIGH","https://t.neilpatel.com/v1/lst/pcu"
"RESPONSE","x-frame-options","","","","MEDIUM","https://t.neilpatel.com/v1/lst/pcu"
"RESPONSE","x-content-type-options","","","","MEDIUM","https://t.neilpatel.com/v1/lst/pcu"
"RESPONSE","server","nginx","","","LOW",""
"RESPONSE","content-security-policy","","","","HIGH","https://t.neilpatel.com/v1/lst/pcu"
"RESPONSE","x-frame-options","","","","MEDIUM","https://t.neilpatel.com/v1/lst/pcu"
"RESPONSE","x-content-type-options","","","","MEDIUM","https://t.neilpatel.com/v1/lst/pcu"
"RESPONSE","server","nginx","","","LOW",""
"RESPONSE","strict-transport-security","","","","HIGH","https://k.clarity.ms/collect"
"RESPONSE","content-security-policy","","","","HIGH","https://k.clarity.ms/collect"
"RESPONSE","x-frame-options","","","","MEDIUM","https://k.clarity.ms/collect"
"RESPONSE","x-content-type-options","","","","MEDIUM","https://k.clarity.ms/collect"
"RESPONSE","server","nginx","","","LOW",""
"RESPONSE","content-security-policy","","","","HIGH","https://t.neilpatel.com/v1/lst/hte"
"RESPONSE","x-frame-options","","","","MEDIUM","https://t.neilpatel.com/v1/lst/hte"
"RESPONSE","x-content-type-options","","","","MEDIUM","https://t.neilpatel.com/v1/lst/hte"
"RESPONSE","server","nginx","","","LOW",""
"RESPONSE","content-security-policy","","","","HIGH","https://t.neilpatel.com/v1/lst/hte"
"RESPONSE","x-frame-options","","","","MEDIUM","https://t.neilpatel.com/v1/lst/hte"
"RESPONSE","x-content-type-options","","","","MEDIUM","https://t.neilpatel.com/v1/lst/hte"
"RESPONSE","server","nginx","","","LOW",""
"RESPONSE","strict-transport-security","","","","HIGH","https://analytics.google.com/g/collect?v=2&tid=G-PE1RZ8MRZD&gtm=45je63b1v8676120"
"RESPONSE","content-security-policy","","","","HIGH","https://analytics.google.com/g/collect?v=2&tid=G-PE1RZ8MRZD&gtm=45je63b1v8676120"
"RESPONSE","x-frame-options","","","","MEDIUM","https://analytics.google.com/g/collect?v=2&tid=G-PE1RZ8MRZD&gtm=45je63b1v8676120"
"RESPONSE","x-content-type-options","","","","MEDIUM","https://analytics.google.com/g/collect?v=2&tid=G-PE1RZ8MRZD&gtm=45je63b1v8676120"
"RESPONSE","server","Golfe2","","","LOW",""
"RESPONSE","strict-transport-security","","","","HIGH","https://analytics.google.com/g/collect?v=2&tid=G-6QNYJFNF1D&gtm=45je63b1v9103544"
"RESPONSE","content-security-policy","","","","HIGH","https://analytics.google.com/g/collect?v=2&tid=G-6QNYJFNF1D&gtm=45je63b1v9103544"
"RESPONSE","x-frame-options","","","","MEDIUM","https://analytics.google.com/g/collect?v=2&tid=G-6QNYJFNF1D&gtm=45je63b1v9103544"
"RESPONSE","x-content-type-options","","","","MEDIUM","https://analytics.google.com/g/collect?v=2&tid=G-6QNYJFNF1D&gtm=45je63b1v9103544"
"RESPONSE","server","Golfe2","","","LOW",""
"RESPONSE","strict-transport-security","","","","HIGH","https://k.clarity.ms/collect"
"RESPONSE","content-security-policy","","","","HIGH","https://k.clarity.ms/collect"
"RESPONSE","x-frame-options","","","","MEDIUM","https://k.clarity.ms/collect"
"RESPONSE","x-content-type-options","","","","MEDIUM","https://k.clarity.ms/collect"
"RESPONSE","server","nginx","","","LOW",""
"RESPONSE","content-security-policy","","","","HIGH","https://t.neilpatel.com/v1/lst/hte"
"RESPONSE","x-frame-options","","","","MEDIUM","https://t.neilpatel.com/v1/lst/hte"
"RESPONSE","x-content-type-options","","","","MEDIUM","https://t.neilpatel.com/v1/lst/hte"
"RESPONSE","server","nginx","","","LOW",""
"RESPONSE","content-security-policy","","","","HIGH","https://fink.neilpatelapi.com/record/?%24current_url=https%3A%2F%2Fapp.neilpatel"
"RESPONSE","x-frame-options","","","","MEDIUM","https://fink.neilpatelapi.com/record/?%24current_url=https%3A%2F%2Fapp.neilpatel"
"RESPONSE","x-content-type-options","","","","MEDIUM","https://fink.neilpatelapi.com/record/?%24current_url=https%3A%2F%2Fapp.neilpatel"
"RESPONSE","server","nginx/1.29.4","","","LOW",""
"RESPONSE","strict-transport-security","","","","HIGH","https://analytics.tiktok.com/api/v2/pixel/inter"
"RESPONSE","content-security-policy","","","","HIGH","https://analytics.tiktok.com/api/v2/pixel/inter"
"RESPONSE","x-frame-options","","","","MEDIUM","https://analytics.tiktok.com/api/v2/pixel/inter"
"RESPONSE","x-content-type-options","","","","MEDIUM","https://analytics.tiktok.com/api/v2/pixel/inter"
"RESPONSE","strict-transport-security","","","","HIGH","https://analytics.tiktok.com/api/v2/pixel"
"RESPONSE","content-security-policy","","","","HIGH","https://analytics.tiktok.com/api/v2/pixel"
"RESPONSE","x-frame-options","","","","MEDIUM","https://analytics.tiktok.com/api/v2/pixel"
"RESPONSE","x-content-type-options","","","","MEDIUM","https://analytics.tiktok.com/api/v2/pixel"
"RESPONSE","access-control-allow-origin","","","","HIGH","https://analytics.tiktok.com/api/v2/pixel"
"RESPONSE","server","nginx","","","LOW",""
"RESPONSE","strict-transport-security","","","","HIGH","https://k.clarity.ms/collect"
"RESPONSE","content-security-policy","","","","HIGH","https://k.clarity.ms/collect"
"RESPONSE","x-frame-options","","","","MEDIUM","https://k.clarity.ms/collect"
"RESPONSE","x-content-type-options","","","","MEDIUM","https://k.clarity.ms/collect"
"RESPONSE","server","nginx","","","LOW",""
"RESPONSE","strict-transport-security","","","","HIGH","https://app.neilpatel.com/assets/index-C2jqyrqU.css"
"RESPONSE","x-content-type-options","","","","MEDIUM","https://app.neilpatel.com/assets/index-C2jqyrqU.css"
"RESPONSE","server","AmazonS3","","","LOW",""
"RESPONSE","strict-transport-security","","","","HIGH","https://app.neilpatel.com/en/register/?mpsource=signup_popup"
"RESPONSE","x-content-type-options","","","","MEDIUM","https://app.neilpatel.com/en/register/?mpsource=signup_popup"
"RESPONSE","server","AmazonS3","","","LOW",""
"RESPONSE","strict-transport-security","","","","HIGH","https://app.neilpatel.com/site.webmanifest"
"RESPONSE","x-content-type-options","","","","MEDIUM","https://app.neilpatel.com/site.webmanifest"
"RESPONSE","server","AmazonS3","","","LOW",""
"RESPONSE","strict-transport-security","","","","HIGH","https://k.clarity.ms/collect"
"RESPONSE","content-security-policy","","","","HIGH","https://k.clarity.ms/collect"
"RESPONSE","x-frame-options","","","","MEDIUM","https://k.clarity.ms/collect"
"RESPONSE","x-content-type-options","","","","MEDIUM","https://k.clarity.ms/collect"
"RESPONSE","server","nginx","","","LOW",""
"RESPONSE","strict-transport-security","","","","HIGH","https://analytics.tiktok.com/api/v2/pixel/inter"
"RESPONSE","content-security-policy","","","","HIGH","https://analytics.tiktok.com/api/v2/pixel/inter"
"RESPONSE","x-frame-options","","","","MEDIUM","https://analytics.tiktok.com/api/v2/pixel/inter"
"RESPONSE","x-content-type-options","","","","MEDIUM","https://analytics.tiktok.com/api/v2/pixel/inter"
"RESPONSE","strict-transport-security","","","","HIGH","https://k.clarity.ms/collect"
"RESPONSE","content-security-policy","","","","HIGH","https://k.clarity.ms/collect"
"RESPONSE","x-frame-options","","","","MEDIUM","https://k.clarity.ms/collect"
"RESPONSE","x-content-type-options","","","","MEDIUM","https://k.clarity.ms/collect"
"RESPONSE","server","nginx","","","LOW",""
"RESPONSE","strict-transport-security","","","","HIGH","https://app.neilpatel.com/cdn-cgi/challenge-platform/h/g/rc/9dbb46cfd96aacc5"
"RESPONSE","content-security-policy","","","","HIGH","https://app.neilpatel.com/cdn-cgi/challenge-platform/h/g/rc/9dbb46cfd96aacc5"
"RESPONSE","x-frame-options","","","","MEDIUM","https://app.neilpatel.com/cdn-cgi/challenge-platform/h/g/rc/9dbb46cfd96aacc5"
"RESPONSE","x-content-type-options","","","","MEDIUM","https://app.neilpatel.com/cdn-cgi/challenge-platform/h/g/rc/9dbb46cfd96aacc5"
"RESPONSE","server","CloudFront","","","LOW",""
"RESPONSE","strict-transport-security","","","","HIGH","https://k.clarity.ms/collect"
"RESPONSE","content-security-policy","","","","HIGH","https://k.clarity.ms/collect"
"RESPONSE","x-frame-options","","","","MEDIUM","https://k.clarity.ms/collect"
"RESPONSE","x-content-type-options","","","","MEDIUM","https://k.clarity.ms/collect"
"RESPONSE","server","nginx","","","LOW",""
"RESPONSE","content-security-policy","","","","HIGH","https://analytics-ipv6.tiktokw.us/ipv6/enrich_ipv6"
"RESPONSE","x-frame-options","","","","MEDIUM","https://analytics-ipv6.tiktokw.us/ipv6/enrich_ipv6"
"RESPONSE","x-content-type-options","","","","MEDIUM","https://analytics-ipv6.tiktokw.us/ipv6/enrich_ipv6"
"RESPONSE","access-control-allow-origin","","","","HIGH","https://analytics-ipv6.tiktokw.us/ipv6/enrich_ipv6"
"RESPONSE","server","nginx","","","LOW",""
"RESPONSE","content-security-policy","","","","HIGH","https://track-eu1.hubspot.com/__ptc.gif?_hs_tag_name=BUTTON&_hs_element_id=&_hs_"
"RESPONSE","x-frame-options","","","","MEDIUM","https://track-eu1.hubspot.com/__ptc.gif?_hs_tag_name=BUTTON&_hs_element_id=&_hs_"
"RESPONSE","server","cloudflare","","","LOW",""
"RESPONSE","strict-transport-security","","","","HIGH","https://analytics.tiktok.com/api/v2/pixel"
"RESPONSE","content-security-policy","","","","HIGH","https://analytics.tiktok.com/api/v2/pixel"
"RESPONSE","x-frame-options","","","","MEDIUM","https://analytics.tiktok.com/api/v2/pixel"
"RESPONSE","x-content-type-options","","","","MEDIUM","https://analytics.tiktok.com/api/v2/pixel"
"RESPONSE","access-control-allow-origin","","","","HIGH","https://analytics.tiktok.com/api/v2/pixel"
"RESPONSE","server","nginx","","","LOW",""
"RESPONSE","strict-transport-security","","","","HIGH","https://app.neilpatel.com/api/user/signup"
"RESPONSE","content-security-policy","","","","HIGH","https://app.neilpatel.com/api/user/signup"
"RESPONSE","x-frame-options","","","","MEDIUM","https://app.neilpatel.com/api/user/signup"
"RESPONSE","x-content-type-options","","","","MEDIUM","https://app.neilpatel.com/api/user/signup"
"RESPONSE","strict-transport-security","","","","HIGH","https://analytics.tiktok.com/api/v2/pixel/act"
"RESPONSE","content-security-policy","","","","HIGH","https://analytics.tiktok.com/api/v2/pixel/act"
"RESPONSE","x-frame-options","","","","MEDIUM","https://analytics.tiktok.com/api/v2/pixel/act"
"RESPONSE","x-content-type-options","","","","MEDIUM","https://analytics.tiktok.com/api/v2/pixel/act"
"RESPONSE","access-control-allow-origin","","","","HIGH","https://analytics.tiktok.com/api/v2/pixel/act"
"RESPONSE","server","nginx","","","LOW",""
"RESPONSE","content-security-policy","","","","HIGH","https://www.facebook.com/tr/"
"RESPONSE","x-frame-options","","","","MEDIUM","https://www.facebook.com/tr/"
"RESPONSE","x-content-type-options","","","","MEDIUM","https://www.facebook.com/tr/"
"RESPONSE","server","proxygen-bolt","","","LOW",""
"RESPONSE","strict-transport-security","","","","HIGH","https://analytics.tiktok.com/api/v2/pixel/inter"
"RESPONSE","content-security-policy","","","","HIGH","https://analytics.tiktok.com/api/v2/pixel/inter"
"RESPONSE","x-frame-options","","","","MEDIUM","https://analytics.tiktok.com/api/v2/pixel/inter"
"RESPONSE","x-content-type-options","","","","MEDIUM","https://analytics.tiktok.com/api/v2/pixel/inter"
"RESPONSE","content-security-policy","","","","HIGH","https://www.facebook.com/tr/"
"RESPONSE","x-frame-options","","","","MEDIUM","https://www.facebook.com/tr/"
"RESPONSE","x-content-type-options","","","","MEDIUM","https://www.facebook.com/tr/"
"RESPONSE","server","proxygen-bolt","","","LOW",""
"RESPONSE","strict-transport-security","","","","HIGH","https://analytics.tiktok.com/api/v2/pixel/act"
"RESPONSE","content-security-policy","","","","HIGH","https://analytics.tiktok.com/api/v2/pixel/act"
"RESPONSE","x-frame-options","","","","MEDIUM","https://analytics.tiktok.com/api/v2/pixel/act"
"RESPONSE","x-content-type-options","","","","MEDIUM","https://analytics.tiktok.com/api/v2/pixel/act"
"RESPONSE","access-control-allow-origin","","","","HIGH","https://analytics.tiktok.com/api/v2/pixel/act"
"RESPONSE","server","nginx","","","LOW",""
"RESPONSE","strict-transport-security","","","","HIGH","https://app.neilpatel.com/api/user/signup"
"RESPONSE","content-security-policy","","","","HIGH","https://app.neilpatel.com/api/user/signup"
"RESPONSE","x-frame-options","","","","MEDIUM","https://app.neilpatel.com/api/user/signup"
"RESPONSE","x-content-type-options","","","","MEDIUM","https://app.neilpatel.com/api/user/signup"
"RESPONSE","strict-transport-security","","","","HIGH","https://analytics.tiktok.com/api/v2/pixel"
"RESPONSE","content-security-policy","","","","HIGH","https://analytics.tiktok.com/api/v2/pixel"
"RESPONSE","x-frame-options","","","","MEDIUM","https://analytics.tiktok.com/api/v2/pixel"
"RESPONSE","x-content-type-options","","","","MEDIUM","https://analytics.tiktok.com/api/v2/pixel"
"RESPONSE","access-control-allow-origin","","","","HIGH","https://analytics.tiktok.com/api/v2/pixel"
"RESPONSE","server","nginx","","","LOW",""
"RESPONSE","strict-transport-security","","","","HIGH","https://k.clarity.ms/collect"
"RESPONSE","content-security-policy","","","","HIGH","https://k.clarity.ms/collect"
"RESPONSE","x-frame-options","","","","MEDIUM","https://k.clarity.ms/collect"
"RESPONSE","x-content-type-options","","","","MEDIUM","https://k.clarity.ms/collect"
"RESPONSE","server","nginx","","","LOW",""
"RESPONSE","strict-transport-security","","","","HIGH","https://analytics.tiktok.com/api/v2/pixel/inter"
"RESPONSE","content-security-policy","","","","HIGH","https://analytics.tiktok.com/api/v2/pixel/inter"
"RESPONSE","x-frame-options","","","","MEDIUM","https://analytics.tiktok.com/api/v2/pixel/inter"
"RESPONSE","x-content-type-options","","","","MEDIUM","https://analytics.tiktok.com/api/v2/pixel/inter"
"RESPONSE","strict-transport-security","","","","HIGH","https://sentry.neilpatelapi.com/api/3/envelope/?sentry_version=7&sentry_key=c084"
"RESPONSE","content-security-policy","","","","HIGH","https://sentry.neilpatelapi.com/api/3/envelope/?sentry_version=7&sentry_key=c084"
"RESPONSE","x-frame-options","","","","MEDIUM","https://sentry.neilpatelapi.com/api/3/envelope/?sentry_version=7&sentry_key=c084"
"RESPONSE","x-content-type-options","","","","MEDIUM","https://sentry.neilpatelapi.com/api/3/envelope/?sentry_version=7&sentry_key=c084"
"RESPONSE","access-control-allow-origin","","","","HIGH","https://sentry.neilpatelapi.com/api/3/envelope/?sentry_version=7&sentry_key=c084"
"RESPONSE","server","nginx","","","LOW",""
"RESPONSE","strict-transport-security","","","","HIGH","https://sentry.neilpatelapi.com/api/3/envelope/?sentry_version=7&sentry_key=c084"
"RESPONSE","content-security-policy","","","","HIGH","https://sentry.neilpatelapi.com/api/3/envelope/?sentry_version=7&sentry_key=c084"
"RESPONSE","x-frame-options","","","","MEDIUM","https://sentry.neilpatelapi.com/api/3/envelope/?sentry_version=7&sentry_key=c084"
"RESPONSE","x-content-type-options","","","","MEDIUM","https://sentry.neilpatelapi.com/api/3/envelope/?sentry_version=7&sentry_key=c084"
"RESPONSE","access-control-allow-origin","","","","HIGH","https://sentry.neilpatelapi.com/api/3/envelope/?sentry_version=7&sentry_key=c084"
"RESPONSE","server","nginx","","","LOW",""
"RESPONSE","strict-transport-security","","","","HIGH","https://analytics.tiktok.com/api/v2/pixel/inter"
"RESPONSE","content-security-policy","","","","HIGH","https://analytics.tiktok.com/api/v2/pixel/inter"
"RESPONSE","x-frame-options","","","","MEDIUM","https://analytics.tiktok.com/api/v2/pixel/inter"
"RESPONSE","x-content-type-options","","","","MEDIUM","https://analytics.tiktok.com/api/v2/pixel/inter"
"RESPONSE","strict-transport-security","","","","HIGH","https://fink.neilpatelapi.com/track/?verbose=1&ip=1&_=1773407456379"
"RESPONSE","content-security-policy","","","","HIGH","https://fink.neilpatelapi.com/track/?verbose=1&ip=1&_=1773407456379"
"RESPONSE","x-frame-options","","","","MEDIUM","https://fink.neilpatelapi.com/track/?verbose=1&ip=1&_=1773407456379"
"RESPONSE","x-content-type-options","","","","MEDIUM","https://fink.neilpatelapi.com/track/?verbose=1&ip=1&_=1773407456379"
"RESPONSE","content-security-policy","","","","HIGH","https://fink.neilpatelapi.com/track/?verbose=1&ip=1&_=1773407457061"
"RESPONSE","x-frame-options","","","","MEDIUM","https://fink.neilpatelapi.com/track/?verbose=1&ip=1&_=1773407457061"
"RESPONSE","x-content-type-options","","","","MEDIUM","https://fink.neilpatelapi.com/track/?verbose=1&ip=1&_=1773407457061"
"RESPONSE","server","nginx/1.29.4","","","LOW",""
"RESPONSE","strict-transport-security","","","","HIGH","https://k.clarity.ms/collect"
"RESPONSE","content-security-policy","","","","HIGH","https://k.clarity.ms/collect"
"RESPONSE","x-frame-options","","","","MEDIUM","https://k.clarity.ms/collect"
"RESPONSE","x-content-type-options","","","","MEDIUM","https://k.clarity.ms/collect"
"RESPONSE","server","nginx","","","LOW",""
"RESPONSE","strict-transport-security","","","","HIGH","https://k.clarity.ms/collect"
"RESPONSE","content-security-policy","","","","HIGH","https://k.clarity.ms/collect"
"RESPONSE","x-frame-options","","","","MEDIUM","https://k.clarity.ms/collect"
"RESPONSE","x-content-type-options","","","","MEDIUM","https://k.clarity.ms/collect"
"RESPONSE","server","nginx","","","LOW",""
"REQUEST_JS","Authorization","Bearer app#unlogged__600bc1e73c24c6cb166d22f88a7b2cc7e38eef71","UNKNOWN","None","HIGH","/api/geolocation"
"REQUEST_JS","Authorization","Bearer app#unlogged__600bc1e73c24c6cb166d22f88a7b2cc7e38eef71","UNKNOWN","None","HIGH","/api/projects"
"REQUEST_JS","Authorization","Bearer app#unlogged__600bc1e73c24c6cb166d22f88a7b2cc7e38eef71","UNKNOWN","None","HIGH","/api/user/limits"
"REQUEST_JS","authorization","Basic MGY0N2FhZTBkYmVkYzAzYjkwNTRiM2JlMTA0ZWE1NTc6","UNKNOWN","None","HIGH","https://fink.neilpatelapi.com/record/?%24current_url=https%3A%2F%2Fapp.neilpatel"
"REQUEST_JS","X-UBS-APP","9929edf1a7e25c9b529916e662b37846b200285e1ab1213a57638a27b0096214f45f6d77a579ca43","SHA-512","None","HIGH","/api/user/signup"
"REQUEST_JS","X-UBS-APP","4b7db120b2678ff2b2ede921645f7303bb7e58d7026953fcce9d7b7d97ceaafbbffe159b9ff0947b","SHA-512","None","HIGH","/api/user/signup"